-- phpMyAdmin SQL Dump
-- version 5.1.1
-- https://www.phpmyadmin.net/
--
-- Host: 127.0.0.1
-- Generation Time: Sep 02, 2023 at 06:30 PM
-- Server version: 10.4.21-MariaDB
-- PHP Version: 8.0.11

SET SQL_MODE = "NO_AUTO_VALUE_ON_ZERO";
START TRANSACTION;
SET time_zone = "+00:00";


/*!40101 SET @OLD_CHARACTER_SET_CLIENT=@@CHARACTER_SET_CLIENT */;
/*!40101 SET @OLD_CHARACTER_SET_RESULTS=@@CHARACTER_SET_RESULTS */;
/*!40101 SET @OLD_COLLATION_CONNECTION=@@COLLATION_CONNECTION */;
/*!40101 SET NAMES utf8mb4 */;

--
-- Database: `crude8_tk_buku`
--

-- --------------------------------------------------------

--
-- Table structure for table `admin`
--

CREATE TABLE `admin` (
  `id_admin` int(11) NOT NULL,
  `nama` varchar(100) NOT NULL,
  `username` varchar(60) NOT NULL,
  `password` varchar(50) NOT NULL
) ENGINE=InnoDB DEFAULT CHARSET=latin1;

--
-- Dumping data for table `admin`
--

INSERT INTO `admin` (`id_admin`, `nama`, `username`, `password`) VALUES
(1, 'Anis Rohmadi', 'admin', 'admin');

-- --------------------------------------------------------

--
-- Table structure for table `buku`
--

CREATE TABLE `buku` (
  `id_buku` int(11) NOT NULL,
  `id_ketegori` int(11) NOT NULL,
  `judul` varchar(50) NOT NULL,
  `gambar` text NOT NULL,
  `penerbit` varchar(100) NOT NULL,
  `pengarang` varchar(100) NOT NULL,
  `halaman` varchar(5) NOT NULL,
  `harga` varchar(10) NOT NULL,
  `stok` varchar(10) NOT NULL
) ENGINE=InnoDB DEFAULT CHARSET=latin1;

--
-- Dumping data for table `buku`
--

INSERT INTO `buku` (`id_buku`, `id_ketegori`, `judul`, `gambar`, `penerbit`, `pengarang`, `halaman`, `harga`, `stok`) VALUES
(11, 11, ' PKN', '20170217164334.jpg', '  PT. Sapi Bentong', 'Bang Bokep', ' 100', ' 1000000', '68'),
(22, 22, 'B. Inggris', '20170217164457.jpg', 'CV. Kurang Ngondol', 'Atok', '200', '2000000', '53'),
(33, 33, 'Kimia', '20170217164635.png', 'Firma Kurang Belaian', 'Nopal', '10', '500000', '0'),
(44, 44, 'PHP', '20170217164739.jpg', 'CV. nguntul', 'abdul', '100', '5000000', '23'),
(55, 55, 'Bisnis Online', '20170217164900.jpg', 'PT. Sok Ganteng', 'yahya', '10', '100000', '50'),
(66, 22, ' Base COC', '20170217202459.jpg', ' PT. Kurang Turu', ' prof. Ir. Dr. Diko s.kom', ' 20', ' 99000000', '52'),
(77, 33, 'Sistem Operasi', '20170221040107.jpg', 'smk al kh', 'guru', '100', '200000', '40'),
(88, 22, 'Desain Grafis', '20170221040253.jpg', 'Pt. morak marek', 'sayonggg', '50', '100000', '15'),
(89, 56, 'Iqro', '20220915201057.jpg', 'Kompas', 'H. Samiun', '50', '45000', '8');

-- --------------------------------------------------------

--
-- Table structure for table `chekout`
--

CREATE TABLE `chekout` (
  `id_chekout` int(11) NOT NULL,
  `id_pembeli` int(11) NOT NULL,
  `nama` varchar(50) NOT NULL,
  `alamat` varchar(100) NOT NULL,
  `nomor_tlp` varchar(20) NOT NULL,
  `tanggal` varchar(20) NOT NULL,
  `status_terima` enum('belum di terima','sudah diterima') NOT NULL
) ENGINE=InnoDB DEFAULT CHARSET=latin1;

--
-- Dumping data for table `chekout`
--

INSERT INTO `chekout` (`id_chekout`, `id_pembeli`, `nama`, `alamat`, `nomor_tlp`, `tanggal`, `status_terima`) VALUES
(24, 30, 'Anis Rohmadi M.Kom.', 'Jl. Lurus Sekali No.1 Jakarta', '5345353', '02-09-2023', 'sudah diterima');

-- --------------------------------------------------------

--
-- Table structure for table `customer`
--

CREATE TABLE `customer` (
  `id_pembeli` int(11) NOT NULL,
  `nama` varchar(100) NOT NULL,
  `username` varchar(50) NOT NULL,
  `password` varchar(50) NOT NULL
) ENGINE=InnoDB DEFAULT CHARSET=latin1;

--
-- Dumping data for table `customer`
--

INSERT INTO `customer` (`id_pembeli`, `nama`, `username`, `password`) VALUES
(11, 'Pembeli1', 'Pembeli1', 'Pembeli1'),
(30, 'Anis Baswedan', 'admin2', 'admin2');

-- --------------------------------------------------------

--
-- Table structure for table `kategori`
--

CREATE TABLE `kategori` (
  `id_ketegori` int(11) NOT NULL,
  `kategori` varchar(70) NOT NULL
) ENGINE=InnoDB DEFAULT CHARSET=latin1;

--
-- Dumping data for table `kategori`
--

INSERT INTO `kategori` (`id_ketegori`, `kategori`) VALUES
(11, 'Pendidikan'),
(22, 'Tehnologi Informatika'),
(33, 'Kewirausahaan'),
(44, 'Sistem Informasi'),
(56, 'Religi'),
(57, 'Lainnya');

-- --------------------------------------------------------

--
-- Table structure for table `keranjang`
--

CREATE TABLE `keranjang` (
  `id_keranjang` int(11) NOT NULL,
  `id_pembeli` int(11) NOT NULL,
  `id_buku` int(11) NOT NULL,
  `qty` varchar(50) NOT NULL,
  `harga` varchar(50) NOT NULL,
  `total_harga` varchar(50) NOT NULL,
  `total_bayar` varchar(50) NOT NULL
) ENGINE=InnoDB DEFAULT CHARSET=latin1;

--
-- Dumping data for table `keranjang`
--

INSERT INTO `keranjang` (`id_keranjang`, `id_pembeli`, `id_buku`, `qty`, `harga`, `total_harga`, `total_bayar`) VALUES
(38, 11, 33, '44', '500000', '22000000', ''),
(42, 22, 44, '5', '5000000', '25000000', ''),
(47, 30, 89, '2', '45000', '90000', '');

--
-- Indexes for dumped tables
--

--
-- Indexes for table `admin`
--
ALTER TABLE `admin`
  ADD PRIMARY KEY (`id_admin`);

--
-- Indexes for table `buku`
--
ALTER TABLE `buku`
  ADD PRIMARY KEY (`id_buku`);

--
-- Indexes for table `chekout`
--
ALTER TABLE `chekout`
  ADD PRIMARY KEY (`id_chekout`);

--
-- Indexes for table `customer`
--
ALTER TABLE `customer`
  ADD PRIMARY KEY (`id_pembeli`);

--
-- Indexes for table `kategori`
--
ALTER TABLE `kategori`
  ADD PRIMARY KEY (`id_ketegori`);

--
-- Indexes for table `keranjang`
--
ALTER TABLE `keranjang`
  ADD PRIMARY KEY (`id_keranjang`);

--
-- AUTO_INCREMENT for dumped tables
--

--
-- AUTO_INCREMENT for table `admin`
--
ALTER TABLE `admin`
  MODIFY `id_admin` int(11) NOT NULL AUTO_INCREMENT, AUTO_INCREMENT=4;

--
-- AUTO_INCREMENT for table `buku`
--
ALTER TABLE `buku`
  MODIFY `id_buku` int(11) NOT NULL AUTO_INCREMENT, AUTO_INCREMENT=90;

--
-- AUTO_INCREMENT for table `chekout`
--
ALTER TABLE `chekout`
  MODIFY `id_chekout` int(11) NOT NULL AUTO_INCREMENT, AUTO_INCREMENT=25;

--
-- AUTO_INCREMENT for table `customer`
--
ALTER TABLE `customer`
  MODIFY `id_pembeli` int(11) NOT NULL AUTO_INCREMENT, AUTO_INCREMENT=31;

--
-- AUTO_INCREMENT for table `kategori`
--
ALTER TABLE `kategori`
  MODIFY `id_ketegori` int(11) NOT NULL AUTO_INCREMENT, AUTO_INCREMENT=59;

--
-- AUTO_INCREMENT for table `keranjang`
--
ALTER TABLE `keranjang`
  MODIFY `id_keranjang` int(11) NOT NULL AUTO_INCREMENT, AUTO_INCREMENT=48;
COMMIT;

/*!40101 SET CHARACTER_SET_CLIENT=@OLD_CHARACTER_SET_CLIENT */;
/*!40101 SET CHARACTER_SET_RESULTS=@OLD_CHARACTER_SET_RESULTS */;
/*!40101 SET COLLATION_CONNECTION=@OLD_COLLATION_CONNECTION */;
